activity_date,user_id,value
2023-11-01,97,11836
2023-11-01,36,15616
2023-11-01,52,9912
2023-11-01,48,2925
2023-11-01,17,4884
2023-11-01,8,12510
2023-11-01,31,5465
2023-11-01,44,4858
2023-11-01,28,236
2023-11-01,100,8770
2023-11-01,25,17376
2023-11-01,30,9600
2023-11-01,5,3080
2023-11-01,67,545
2023-11-01,80,9194
2023-11-01,78,6265
2023-11-01,49,12225
2023-11-01,37,34624
2023-11-02,48,6724
2023-11-02,44,9645
2023-11-02,97,10641
2023-11-02,8,4432
2023-11-02,31,5857
2023-11-02,49,15983
2023-11-02,37,17926
2023-11-02,25,13924
2023-11-02,36,11726
2023-11-02,52,14422
2023-11-02,5,2142
2023-11-02,17,3827
2023-11-02,67,861
2023-11-02,78,3951
2023-11-02,26,5989
2023-11-02,30,8523
2023-11-02,100,8520
2023-11-03,97,12364
2023-11-03,52,18875
2023-11-03,25,21288
2023-11-02,28,862
2023-11-03,8,6618
2023-11-03,49,7592
2023-11-03,44,7876
2023-11-03,5,3808
2023-11-03,48,5152
2023-11-01,26,4832
2023-11-03,36,11899
2023-11-03,28,4407
2023-11-03,30,8421
2023-11-03,67,41
2023-11-03,31,7092
2023-11-03,78,2630
2023-11-03,37,28390
2023-11-04,48,11177
2023-11-04,8,7764
2023-11-04,44,7115
2023-11-04,52,15230
2023-11-04,17,6305
2023-11-04,5,60
2023-11-04,31,2830
2023-11-04,49,8429
2023-11-04,28,5891
2023-11-04,36,15223
2023-11-02,80,10020
2023-11-03,100,247
2023-11-04,97,10999
2023-11-04,78,4376
2023-11-04,37,16489
2023-11-04,67,1117
2023-11-04,100,21986
2023-11-05,52,9320
2023-11-05,8,5063
2023-11-05,5,1595
2023-11-03,80,11915
2023-11-04,80,8676
2023-11-05,97,7492
2023-11-05,31,3403
2023-11-05,49,11445
2023-11-05,48,2000
2023-11-05,17,9205
2023-11-01,58,11278
2023-11-03,17,5708
2023-11-05,44,2659
2023-11-04,30,9203
2023-11-05,36,7691
2023-11-05,28,4922
2023-11-05,30,168
2023-11-05,80,8583
2023-11-05,67,336
2023-11-05,78,8993
2023-11-05,26,7404
2023-11-05,37,18714
2023-11-06,97,10417
2023-11-02,58,499
2023-11-04,25,5268
2023-11-05,25,5232
2023-11-06,49,8965
2023-11-06,8,8151
2023-11-06,31,8254
2023-11-06,44,9437
2023-11-06,17,16563
2023-11-06,48,10923
2023-11-06,52,7913
2023-11-06,78,1263
2023-11-06,37,36561
2023-11-06,67,1717
2023-11-06,80,11352
2023-11-06,5,6113
2023-11-06,28,1220
2023-11-06,36,9988
2023-11-06,100,2110
2023-11-06,30,8496
2023-11-06,25,20794
2023-11-07,31,11950
2023-11-07,97,11048
2023-11-07,52,8596
2023-11-07,37,19729
2023-11-07,49,15452
2023-11-07,8,7834
2023-11-07,5,3659
2023-11-07,17,3474
2023-11-01,61,374
2023-11-02,61,481
2023-11-03,26,9323
2023-11-03,61,8
2023-11-04,61,2438
2023-11-04,26,3169
2023-11-05,61,10104
2023-11-06,26,8343
2023-11-06,61,17
2023-11-07,80,11563
2023-11-07,67,2280
2023-11-07,26,4157
2023-11-07,78,5156
2023-11-07,48,3528
2023-11-07,61,14448
2023-11-07,100,4514
2023-11-07,36,12592
2023-11-07,28,1179
2023-11-07,25,27099
2023-11-07,30,9188
2023-11-08,8,12511
2023-11-08,97,12282
2023-11-08,52,8419
2023-11-08,31,11068
2023-11-08,49,12690
2023-11-08,48,12302
2023-11-08,100,6442
2023-11-08,28,1573
2023-11-08,37,31509
2023-11-08,67,1840
2023-11-08,80,11743
2023-11-08,78,2157
2023-11-08,5,7549
2023-11-08,17,6753
2023-11-08,36,15643
2023-11-08,25,25290
2023-11-09,52,13545
2023-11-09,97,12695
2023-11-09,36,14380
2023-11-09,28,843
2023-11-09,8,8953
2023-11-09,49,10084
2023-11-09,37,20773
2023-11-09,17,5464
2023-11-07,44,23251
2023-11-08,26,8417
2023-11-09,61,18144
2023-11-09,100,3506
2023-11-09,25,16211
2023-11-09,78,3655
2023-11-09,31,1822
2023-11-09,67,87
2023-11-09,80,10235
2023-11-09,48,3432
2023-11-09,5,5124
2023-11-10,52,11790
2023-11-10,97,10466
2023-11-08,44,12063
2023-11-09,44,11830
2023-11-10,100,6809
2023-11-10,36,9139
2023-11-10,44,12034
2023-11-10,49,13967
2023-11-10,8,6696
2023-11-10,61,17028
2023-11-10,17,8246
2023-11-10,48,3493
2023-11-10,5,4900
2023-11-08,30,7594
2023-11-09,30,888
2023-11-10,28,4518
2023-11-10,30,1851
2023-11-10,37,25342
2023-11-10,26,7249
2023-11-10,31,7257
2023-11-10,78,1662
2023-11-10,67,3882
2023-11-10,80,10313
2023-11-11,97,8625
2023-11-11,36,13246
2023-11-11,52,10488
2023-11-11,100,17064
2023-11-11,28,22555
2023-11-11,48,7684
2023-11-11,80,9277
2023-11-11,44,6954
2023-11-11,8,13669
2023-11-11,31,6534
2023-11-11,49,13957
2023-11-08,61,200
2023-11-10,25,18190
2023-11-11,30,9507
2023-11-11,5,9600
2023-11-11,61,1822
2023-11-11,17,7519
2023-11-11,67,1444
2023-11-11,37,20806
2023-11-11,26,8337
2023-11-11,78,4892
2023-11-12,97,6706
2023-11-12,36,10032
2023-11-12,52,5960
2023-11-12,8,3936
2023-11-12,31,8746
2023-11-11,25,15294
2023-11-12,100,7720
2023-11-12,28,5151
2023-11-12,49,7722
2023-11-12,48,5853
2023-11-12,80,10804
2023-11-12,25,15975
2023-11-12,30,10495
2023-11-12,5,6771
2023-11-12,17,3603
2023-11-12,67,1940
2023-11-12,37,11331
2023-11-12,78,1650
2023-11-13,97,13363
2023-11-13,31,7438
2023-11-10,58,476
2023-11-11,58,14526
2023-11-12,58,8229
2023-11-13,58,23192
2023-11-13,100,6439
2023-11-13,52,7937
2023-11-13,48,3793
2023-11-13,17,3059
2023-11-13,80,10153
2023-11-13,49,11981
2023-11-13,37,31780
2023-11-05,100,7897
2023-11-12,44,3454
2023-11-13,36,10396
2023-11-13,25,19785
2023-11-13,30,10161
2023-11-13,5,3973
2023-11-13,67,1670
2023-11-13,78,4486
2023-11-14,48,4990
2023-11-13,44,12536
2023-11-14,31,2441
2023-11-14,52,6770
2023-11-14,44,19544
2023-11-14,36,6024
2023-11-14,100,7316
2023-11-09,26,12259
2023-11-12,61,835
2023-11-12,26,2370
2023-11-13,28,440
2023-11-13,61,225
2023-11-13,8,5062
2023-11-14,97,10478
2023-11-13,26,6949
2023-11-14,58,9368
2023-11-14,80,8011
2023-11-14,78,4318
2023-11-14,30,8818
2023-11-14,17,2388
2023-11-14,49,17289
2023-11-14,61,119
2023-11-14,26,5415
2023-11-14,37,30978
2023-11-14,5,6570
2023-11-14,25,18952
2023-11-14,67,2031
2023-11-15,52,7854
2023-11-14,8,4479
2023-11-14,28,843
2023-11-15,25,21753
2023-11-15,5,4896
2023-11-15,100,6834
2023-11-15,17,8257
2023-11-15,8,7139
2023-11-15,31,3159
2023-11-15,49,18073
2023-11-15,44,11994
2023-11-15,48,8247
2023-11-15,36,5560
2023-11-15,97,12488
2023-11-15,28,519
2023-11-15,67,1845
2023-11-15,80,8355
2023-11-15,30,8840
2023-11-15,78,3301
2023-11-15,37,26993
2023-11-15,26,4948
2023-11-15,61,10005
2023-11-16,44,8675
2023-11-16,31,8479
2023-11-16,52,12527
2023-11-16,5,7371
2023-11-16,37,24852
2023-11-16,8,16469
2023-11-16,49,13669
2023-11-16,100,6339
2023-11-16,36,4166
2023-11-16,61,15820
2023-11-16,17,4706
2023-11-16,48,8162
2023-11-16,78,3411
2023-11-16,67,2662
2023-11-16,80,8285
2023-11-16,30,9751
2023-11-16,97,12785
2023-11-16,28,3670
2023-11-17,52,14478
2023-11-17,100,5356
2023-11-17,97,12133
2023-11-17,48,3706
2023-11-17,44,8714
2023-11-17,31,8496
2023-11-17,8,15842
2023-11-17,36,2856
2023-11-17,30,6110
2023-11-17,61,13893
2023-11-17,17,5739
2023-11-17,5,6262
2023-11-17,37,25564
2023-11-17,78,3816
2023-11-17,49,15881
2023-11-17,80,9300
2023-11-17,67,1106
2023-11-18,8,14122
2023-11-18,36,11655
2023-11-18,52,12300
2023-11-18,31,2244
2023-11-18,49,8967
2023-11-18,48,3500
2023-11-18,61,18116
2023-11-15,58,18072
2023-11-16,26,9860
2023-11-17,28,96
2023-11-18,97,12960
2023-11-18,100,11429
2023-11-18,67,1414
2023-11-18,80,8353
2023-11-18,37,13423
2023-11-18,44,6731
2023-11-18,78,2476
2023-11-18,5,13206
2023-11-18,17,2870
2023-11-19,8,11745
2023-11-16,58,11039
2023-11-17,58,11933
2023-11-17,26,5168
2023-11-18,28,3705
2023-11-18,58,13257
2023-11-18,26,7753
2023-11-19,97,11259
2023-11-19,28,3107
2023-11-19,52,11046
2023-11-19,44,4963
2023-11-19,17,2425
2023-11-19,61,13819
2023-11-16,25,16053
2023-11-19,36,11393
2023-11-19,49,8109
2023-11-19,100,20735
2023-11-19,58,16527
2023-11-19,30,9429
2023-11-19,67,415
2023-11-19,80,10404
2023-11-19,78,6548
2023-11-19,31,6182
2023-11-19,37,15219
2023-11-19,48,9137
2023-11-19,5,2314
2023-11-20,97,9844
2023-11-20,52,9403
2023-11-20,8,4255
2023-11-17,25,15200
2023-11-18,25,21364
2023-11-19,25,6754
2023-11-19,26,502
2023-11-20,58,19727
2023-11-20,36,13858
2023-11-20,5,10867
2023-11-20,48,2962
2023-11-20,17,3328
2023-11-20,61,16062
2023-11-20,49,7791
2023-11-20,31,6766
2023-11-18,30,11959
2023-11-20,25,20390
2023-11-20,30,8903
2023-11-20,28,180
2023-11-20,100,5133
2023-11-20,80,9954
2023-11-20,67,1286
2023-11-20,78,3856
2023-11-20,44,2768
2023-11-20,26,5584
2023-11-20,37,26254
2023-11-21,31,10180
2023-11-21,52,8823
2023-11-21,97,6288
2023-11-21,36,10118
2023-11-21,17,4273
2023-11-21,61,16222
2023-11-21,5,3699
2023-11-21,48,8438
2023-11-21,78,2938
0000-00-00,1,100
2023-11-21,8,3125
2023-11-21,49,11110
2023-11-21,26,913
2023-11-21,37,26219
2023-11-21,44,19244
2023-11-21,101,19245
2023-11-21,80,8303
2023-11-21,67,2210
2023-11-21,30,5194
2023-11-21,25,13955
2023-11-21,58,6561
2023-11-21,28,1536
2023-11-21,100,10607
2023-11-22,52,102
2023-11-22,31,1325
2023-11-01,60,10064
2023-11-01,18,4962
2023-11-01,9,10984
2023-11-01,85,15640
2023-11-01,29,1529
2023-11-01,96,5840
2023-11-01,7,3560
2023-11-01,13,8102
2023-11-01,94,12178
2023-11-01,46,5760
2023-11-01,40,2231
2023-11-01,43,14168
2023-11-01,10,15165
2023-11-01,54,7724
2023-11-01,84,3960
2023-11-01,91,8003
2023-11-01,45,9596
2023-11-01,64,3237
2023-11-01,76,5984
2023-11-01,95,4631
2023-11-01,16,8056
2023-11-01,32,21035
2023-11-02,60,10042
2023-11-02,85,12292
2023-11-01,6,1400
2023-11-01,12,11845
2023-11-02,6,4522
2023-11-02,12,15950
2023-11-02,9,8320
2023-11-02,94,12985
2023-11-02,46,25149
2023-11-02,91,7229
2023-11-02,96,7538
2023-11-01,56,5933
2023-11-02,18,9842
2023-11-02,45,26834
2023-11-02,7,2075
2023-11-02,76,9095
2023-11-02,13,8311
2023-11-02,95,4169
2023-11-02,16,3732
2023-11-02,51,18151
2023-11-02,54,12871
2023-11-02,10,6973
2023-11-02,84,8287
2023-11-02,29,8108
2023-11-03,46,13786
2023-11-01,98,12036
2023-11-02,56,8238
2023-11-02,98,8912
2023-11-03,96,12714
2023-11-03,91,7845
2023-11-03,60,10031
2023-11-03,9,12359
2023-11-03,94,15266
2023-11-03,18,24662
2023-11-03,76,7074
2023-11-03,85,14012
2023-11-03,84,11123
2023-11-03,56,7416
2023-11-03,29,6681
2023-11-03,98,12640
2023-11-03,54,17058
2023-11-03,13,2127
2023-11-03,16,1684
2023-11-03,95,13073
2023-11-03,45,25726
2023-11-03,64,7003
2023-11-03,7,4420
2023-11-04,9,12859
2023-11-04,64,6388
2023-11-04,18,20417
2023-11-04,40,3896
2023-11-04,13,7825
2023-11-04,94,14073
2023-11-04,60,10038
2023-11-04,96,13571
2023-11-04,91,13639
2023-11-04,84,10963
2023-11-01,51,18655
2023-11-01,39,16715
2023-11-02,40,8466
2023-11-02,64,7827
2023-11-02,32,6446
2023-11-03,10,5760
2023-11-03,51,19984
2023-11-03,40,8426
2023-11-04,76,8914
2023-11-04,7,3121
2023-11-04,95,5116
2023-11-04,16,5518
2023-11-04,54,7079
2023-11-04,29,6471
2023-11-04,56,11004
2023-11-05,60,10309
2023-11-05,9,10110
2023-11-05,18,6232
2023-11-03,32,4837
2023-11-04,51,4737
2023-11-04,32,19445
2023-11-05,29,8354
2023-11-05,91,12278
2023-11-05,96,2771
2023-11-05,94,13442
2023-11-05,95,5558
2023-11-05,39,353
2023-11-03,6,7807
2023-11-04,85,16377
2023-11-04,45,18638
2023-11-05,84,3358
2023-11-05,98,9677
2023-11-05,64,3622
2023-11-05,56,6030
2023-11-05,46,3264
2023-11-05,54,7642
2023-11-05,13,9189
2023-11-05,32,19642
2023-11-05,16,5252
2023-11-05,51,20468
2023-11-05,45,614
2023-11-05,7,2518
2023-11-05,76,7550
2023-11-06,60,11705
2023-11-04,6,487
2023-11-05,85,3965
2023-11-05,6,1695
2023-11-06,13,4862
2023-11-06,9,11514
2023-11-06,94,11555
2023-11-06,18,8570
2023-11-06,91,10493
2023-11-06,54,7868
2023-11-06,46,6404
2023-11-01,57,5770
2023-11-02,43,23325
2023-11-06,51,19006
2023-11-06,95,9659
2023-11-06,16,5415
2023-11-06,32,26505
2023-11-06,64,5330
2023-11-06,7,3546
2023-11-06,45,22647
2023-11-06,96,5407
2023-11-06,29,872
2023-11-06,98,10407
2023-11-06,56,8109
2023-11-06,84,4492
2023-11-07,60,11390
2023-11-02,57,1368
2023-11-03,57,1320
2023-11-03,43,13175
2023-11-04,43,10845
2023-11-04,57,708
2023-11-05,57,16134
2023-11-05,43,7659
2023-11-06,6,1043
2023-11-06,43,10513
2023-11-06,57,2161
2023-11-07,94,12409
2023-11-07,13,9241
2023-11-07,18,21764
2023-11-07,96,6261
2023-11-07,57,2398
2023-11-04,98,8397
2023-11-06,85,5476
2023-11-07,46,6796
2023-11-07,9,9720
2023-11-07,32,28773
2023-11-07,16,9786
2023-11-07,95,13587
2023-11-07,40,7697
2023-11-07,45,24002
2023-11-07,76,7776
2023-11-07,7,3797
2023-11-07,64,6591
2023-11-07,6,5999
2023-11-07,84,3448
2023-11-07,56,6571
2023-11-07,98,15881
2023-11-07,91,11667
2023-11-07,29,9867
2023-11-07,54,6874
2023-11-08,94,12229
2023-11-08,60,9274
2023-11-07,85,7949
2023-11-08,95,2554
2023-11-08,9,1610
2023-11-08,39,15870
2023-11-08,29,7799
2023-11-08,91,10447
2023-11-08,96,6307
2023-11-08,46,13430
2023-11-03,12,10536
2023-11-02,39,15490
2023-11-03,39,18339
2023-11-04,39,26075
2023-11-04,10,4032
2023-11-05,10,4815
2023-11-07,51,21869
2023-11-08,16,3135
2023-11-08,32,26079
2023-11-08,45,24111
2023-11-08,40,7686
2023-11-08,18,14718
2023-11-08,7,3415
2023-11-08,76,6890
2023-11-08,6,5943
2023-11-08,64,6056
2023-11-08,56,7295
2023-11-08,98,7793
2023-11-08,57,6572
2023-11-08,85,14818
2023-11-09,46,10387
2023-11-09,60,10599
2023-11-04,12,3496
2023-11-05,12,7170
2023-11-06,12,9205
2023-11-06,10,14918
2023-11-07,12,10510
2023-11-07,10,7829
2023-11-08,51,16141
2023-11-08,12,7671
2023-11-08,10,9499
2023-11-09,91,13891
2023-11-09,84,12385
2023-11-09,85,9900
2023-11-09,94,13228
2023-11-06,76,6314
2023-11-08,84,10590
2023-11-09,29,10070
2023-11-09,96,11107
2023-11-09,98,9166
2023-11-09,56,9735
2023-11-09,10,10250
2023-11-09,57,5835
2023-11-09,9,8410
2023-11-09,95,10586
2023-11-09,16,3804
2023-11-09,32,16961
2023-11-09,6,6206
2023-11-09,64,7035
2023-11-09,76,5088
2023-11-09,18,20393
2023-11-09,45,26312
2023-11-09,40,10466
2023-11-10,46,23666
2023-11-10,96,4534
2023-11-10,91,9577
2023-11-10,84,4718
2023-11-10,57,1206
2023-11-10,60,10165
2023-11-10,95,10063
2023-11-10,32,1249
2023-11-10,16,16041
2023-11-10,94,11796
2023-11-10,64,5594
2023-11-10,40,10910
2023-11-07,43,17939
2023-11-08,13,8391
2023-11-08,54,8611
2023-11-09,54,10517
2023-11-09,51,16196
2023-11-09,12,19577
2023-11-10,85,4857
2023-11-10,98,13103
2023-11-10,10,8185
2023-11-10,9,11360
2023-11-10,76,6918
2023-11-10,45,24365
2023-11-10,18,16871
2023-11-11,60,14991
2023-11-11,76,9401
2023-11-08,43,11351
2023-11-09,43,9568
2023-11-09,13,8396
2023-11-10,54,7113
2023-11-10,43,7813
2023-11-10,51,14549
2023-11-10,13,8506
2023-11-10,12,8189
2023-11-11,43,16026
2023-11-11,40,12772
2023-11-11,18,9980
2023-11-11,94,12165
2023-11-11,16,24261
2023-11-11,13,14662
2023-11-05,40,2744
2023-11-06,39,25730
2023-11-06,40,9197
2023-11-07,39,19162
2023-11-09,39,11868
2023-11-10,56,7448
2023-11-10,6,7838
2023-11-11,46,8496
2023-11-11,57,6524
2023-11-11,85,4486
2023-11-11,54,8500
2023-11-11,98,11047
2023-11-11,29,12463
2023-11-11,91,10589
2023-11-11,64,5594
2023-11-11,95,9293
2023-11-11,32,15201
2023-11-11,9,11017
2023-11-11,51,12697
2023-11-12,60,16073
2023-11-12,45,1986
2023-11-12,18,7078
2023-11-12,13,6412
2023-11-11,56,12493
2023-11-11,6,19982
2023-11-12,57,173
2023-11-12,46,2163
2023-11-12,91,9099
2023-11-12,64,629
2023-11-12,39,297
2023-11-12,32,3115
2023-11-12,94,12636
2023-11-11,84,3241
2023-11-11,45,18340
2023-11-12,85,3969
2023-11-12,56,6205
2023-11-12,98,11644
2023-11-12,76,7918
2023-11-12,6,19033
2023-11-12,95,987
2023-11-12,16,133
2023-11-12,9,11232
2023-11-12,51,11885
2023-11-13,18,17912
2023-11-11,10,4692
2023-11-12,10,6941
2023-11-12,84,6313
2023-11-12,29,115
2023-11-13,85,13079
2023-11-13,60,8948
2023-11-13,57,2237
2023-11-13,96,6194
2023-11-13,64,9748
2023-11-13,9,10509
2023-11-13,32,3718
2023-11-13,95,10275
2023-11-13,94,13492
2023-11-12,54,13237
2023-11-12,40,6266
2023-11-13,46,4483
2023-11-13,10,5983
2023-11-13,84,14737
2023-11-13,56,8205
2023-11-13,29,988
2023-11-13,98,8861
2023-11-13,40,9369
2023-11-13,6,3831
2023-11-13,76,5808
2023-11-13,16,2383
2023-11-14,60,11088
2023-11-14,6,1399
2023-11-14,96,5565
2023-11-14,9,12108
2023-11-14,18,17246
2023-11-14,46,6901
2023-11-14,94,13425
2023-11-14,57,2203
2023-11-14,45,22556
2023-11-14,40,8853
2023-11-14,32,13871
2023-11-09,7,2345
2023-11-11,12,9451
2023-11-12,43,16473
2023-11-13,91,9886
2023-11-13,51,18834
2023-11-01,38,12461
2023-11-01,71,10594
2023-11-01,90,10424
2023-11-01,20,14097
2023-11-01,55,671
2023-11-01,22,4733
2023-11-01,24,10709
2023-11-01,69,14220
2023-11-01,2,7212
2023-11-01,87,6330
2023-11-01,3,6045
2023-11-01,70,5036
2023-11-01,41,11073
2023-11-01,35,17629
2023-11-01,23,2693
2023-11-01,65,7438
2023-11-01,63,15568
2023-11-02,90,12904
2023-11-02,38,13554
2023-11-02,71,15422
2023-11-02,24,9296
2023-11-01,73,3477
2023-11-02,69,12252
2023-11-02,35,9640
2023-11-02,63,5060
2023-11-02,20,11583
2023-11-02,2,3609
2023-11-02,55,12763
2023-11-02,22,16992
2023-11-02,70,11111
2023-11-02,41,12189
2023-11-02,23,11483
2023-11-02,65,5135
2023-11-02,87,9590
2023-11-02,3,17988
2023-11-03,69,18277
2023-11-03,55,1745
2023-11-03,71,10189
2023-11-03,22,3917
2023-11-03,24,9432
2023-11-03,38,14063
2023-11-03,90,15848
2023-11-03,20,18927
2023-11-03,2,2753
2023-11-03,70,10408
2023-11-03,35,7943
2023-11-03,87,11666
2023-11-03,3,20987
2023-11-03,65,11921
2023-11-03,23,3611
2023-11-03,41,7882
2023-11-04,90,12921
2023-11-04,20,12371
2023-11-04,71,15531
2023-11-04,35,13240
2023-11-04,69,6559
2023-11-04,2,302
2023-11-04,23,6685
2023-11-04,63,4326
2023-11-04,38,8417
2023-11-04,55,797
2023-11-04,22,1174
2023-11-04,41,10966
2023-11-04,70,7463
2023-11-04,65,3223
2023-11-04,3,9621
2023-11-04,87,9747
2023-11-04,24,5114
2023-11-05,71,10223
2023-11-05,90,12542
2023-11-05,69,14093
2023-11-05,55,7
2023-11-05,22,7084
2023-11-05,24,5868
2023-11-05,87,31823
2023-11-05,38,5164
2023-11-05,63,2803
2023-11-05,20,5298
2023-11-05,70,12002
2023-11-05,35,3047
2023-11-02,73,8097
2023-11-03,73,6065
2023-11-05,23,2210
2023-11-05,3,10560
2023-11-05,65,3345
2023-11-05,2,952
2023-11-05,41,24228
2023-11-06,20,21867
2023-11-06,35,10837
2023-11-06,69,13329
2023-11-06,24,10290
2023-11-01,59,19021
2023-11-02,59,4760
2023-11-03,59,3988
2023-11-04,59,2876
2023-11-05,88,4788
2023-11-05,59,819
2023-11-06,2,7659
2023-11-06,90,12415
2023-11-06,65,7331
2023-11-06,63,10431
2023-11-06,59,7758
,59,7700
2023-11-06,41,16866
2023-11-06,70,5602
2023-11-06,55,11269
2023-11-06,22,1837
2023-11-06,,1800
2023-11-06,71,10107
2023-11-06,87,11029
2023-11-06,38,12986
2023-11-06,23,4411
2023-11-06,3,20525
2023-11-07,90,12100
2023-11-07,69,9965
2023-11-07,35,10816
2023-11-07,59,4308
2023-11-07,71,10122
2023-11-07,20,13736
2023-11-07,22,7810
2023-11-07,55,12128
2023-11-07,24,7610
2023-11-07,38,9909
2023-11-04,73,4751
2023-11-05,73,642
2023-11-06,73,5006
2023-11-07,65,3329
2023-11-07,23,19138
2023-11-07,2,4141
2023-11-07,70,7296
2023-11-07,87,4070
2023-11-07,3,22324
2023-11-08,69,8390
2023-11-08,35,11831
2023-11-08,71,12316
2023-11-08,20,24955
2023-11-08,55,5100
2023-11-08,24,9333
2023-11-08,38,12628
2023-11-06,88,12289
2023-11-07,41,12993
2023-11-08,23,6279
2023-11-08,90,11390
2023-11-08,63,13157
2023-11-08,65,8326
2023-11-08,2,7757
2023-11-08,70,4775
2023-11-08,59,9992
2023-11-08,22,11819
2023-11-08,3,22204
2023-11-09,24,4208
2023-11-09,71,12714
2023-11-09,20,8311
2023-11-09,35,10981
2023-11-07,88,12260
2023-11-08,88,11721
2023-11-08,41,9585
2023-11-08,87,7067
2023-11-09,55,2554
2023-11-09,38,11931
2023-11-09,90,7936
2023-11-09,2,5888
2023-11-09,63,30
2023-11-09,69,15440
2023-11-09,70,5602
2023-11-09,22,15570
2023-11-09,3,12105
2023-11-09,87,14649
2023-11-09,88,13364
2023-11-09,23,4950
2023-11-09,65,10231
2023-11-09,73,4416
2023-11-10,71,14615
2023-11-10,38,17975
2023-11-10,20,9370
2023-11-10,90,15639
2023-11-10,69,13355
2023-11-10,24,3590
2023-11-10,22,13939
2023-11-10,55,1860
2023-11-10,87,4014
2023-11-10,2,4296
2023-11-07,73,2310
2023-11-08,73,4021
2023-11-09,41,12144
2023-11-10,3,10988
2023-11-10,23,2670
2023-11-10,65,16550
2023-11-10,35,8292
2023-11-10,73,1819
2023-11-10,70,6239
2023-11-11,38,5407
2023-11-11,71,12050
2023-11-11,69,9237
2023-11-11,90,14830
2023-11-10,63,5447
2023-11-10,41,6593
2023-11-11,55,4653
2023-11-11,24,3911
2023-11-11,73,6208
2023-11-11,35,6716
2023-11-11,63,4600
2023-11-11,23,8546
2023-11-11,2,250
2023-11-11,20,13607
2023-11-11,87,10172
2023-11-11,3,7672
2023-11-11,22,16543
2023-11-11,70,10012
2023-11-11,41,22066
2023-11-11,65,2274
2023-11-12,38,5618
2023-11-12,71,11381
2023-11-12,24,11793
2023-11-12,20,13431
2023-11-12,90,13226
2023-11-12,69,10831
2023-11-12,35,11754
2023-11-12,63,20
2023-11-12,2,1460
2023-11-09,59,3764
2023-11-10,88,10433
2023-11-12,87,5138
2023-11-12,3,10984
2023-11-12,73,6365
2023-11-12,70,6359
2023-11-12,23,7355
2023-11-12,65,3527
2023-11-13,24,4890
2023-11-13,69,11015
2023-11-13,20,15937
2023-11-13,90,16335
2023-11-01,82,401
2023-11-02,82,4638
2023-11-03,82,4119
2023-11-04,82,115
2023-11-05,82,8
2023-11-06,82,861
2023-11-07,82,1074
2023-11-08,82,745
2023-11-09,82,207
2023-11-10,82,559
2023-11-10,59,1939
2023-11-11,82,469
2023-11-11,59,2297
2023-11-12,59,6848
2023-11-13,82,295
2023-11-13,87,11850
2023-11-13,38,13349
2023-11-13,55,8367
2023-11-13,71,10022
2023-11-13,73,6457
2023-11-13,35,9674
2023-11-13,63,5250
2023-11-13,88,11163
2023-11-13,2,7567
2023-11-12,22,10969
2023-11-12,41,18412
2023-11-13,3,10698
2023-11-13,22,11550
2023-11-13,70,5294
2023-11-13,59,3122
2023-11-13,65,11296
2023-11-13,23,2582
2023-11-14,24,6856
2023-11-14,71,11994
2023-11-14,69,13804
2023-11-14,73,10890
2023-11-14,90,10016
2023-11-14,20,12349
2023-11-14,2,2545
2023-11-13,41,9501
2023-11-14,41,16157
2023-11-14,59,7466
2023-11-14,35,14952
2023-11-14,65,7908
2023-11-14,55,12896
2023-11-14,63,2775
2023-11-14,38,18287
2023-11-14,3,16870
2023-11-14,82,218
2023-11-14,23,10637
2023-11-14,87,5443
2023-11-14,70,7207
2023-11-14,22,21232
2023-11-15,69,11345
2023-11-15,71,12268
2023-11-15,90,17593
2023-11-15,20,19400
2023-11-15,35,11378
2023-11-15,55,4926
2023-11-15,63,3456
2023-11-15,38,5060
2023-11-15,41,13651
2023-11-15,73,2713
2023-11-15,24,29415
2023-11-15,59,5357
2023-11-15,87,5825
2023-11-15,23,6735
2023-11-15,82,831
2023-11-15,65,5740
2023-11-15,70,5095
2023-11-15,3,20842
2023-11-15,2,10768
2023-11-16,90,12535
2023-11-16,20,6993
2023-11-16,35,6389
2023-11-16,38,10478
2023-11-16,71,11935
2023-11-16,69,9378
2023-11-16,41,11779
2023-11-16,59,6829
2023-11-16,2,4725
2023-11-16,63,7
2023-11-16,23,10239
2023-11-16,87,8045
2023-11-16,82,475
2023-11-16,24,20331
2023-11-16,55,891
2023-11-16,70,7895
2023-11-16,73,5075
2023-11-16,65,3993
2023-11-17,24,22855
2023-11-17,71,12460
2023-11-17,73,5844
2023-11-17,69,14986
2023-11-17,90,15614
2023-11-17,20,17026
2023-11-14,88,2856
2023-11-15,88,9465
2023-11-16,88,9887
2023-11-17,82,441
2023-11-17,87,7883
2023-11-17,55,549
2023-11-17,35,6289
2023-11-17,41,7934
2023-11-17,2,2663
2023-11-17,63,5340
2023-11-17,23,4144
2023-11-15,22,12454
2023-11-16,3,13121
2023-11-16,22,13769
2023-11-17,3,8344
2023-11-17,22,12182
2023-11-17,70,10075
2023-11-17,65,7740
2023-11-18,22,17442
2023-11-18,71,10127
2023-11-18,24,10095
2023-11-18,90,16406
2023-11-18,20,7611
2023-11-18,73,2561
2023-11-18,69,6758
2023-11-17,88,9754
2023-11-18,55,429
2023-11-18,63,15165
2023-11-18,23,9410
2023-11-18,65,8339
2023-11-18,2,2098
2023-11-18,35,12990
2023-11-18,41,10366
2023-11-17,59,13169
2023-11-18,87,8293
2023-11-18,82,2222
2023-11-18,3,11372
2023-11-18,70,6353
2023-11-19,22,6941
2023-11-19,71,10831
2023-11-19,24,11092
2023-11-19,2,1400
2023-11-18,59,10814
2023-11-19,55,7
2023-11-19,23,2698
2023-11-14,95,10915
2023-11-13,54,9287
2023-11-14,29,2836
2023-11-14,10,12062
2023-11-14,54,10355
2023-11-14,64,5159
2023-11-14,98,19311
2023-11-14,76,4862
2023-11-14,84,8788
2023-11-14,56,7579
2023-11-14,16,3500
2023-11-14,85,1622
2023-11-15,46,21208
2023-11-10,7,1168
2023-11-11,7,3644
2023-11-12,7,1835
2023-11-12,12,3721
2023-11-13,43,13268
2023-11-13,12,9452
2023-11-13,7,2149
2023-11-14,91,11618
2023-11-14,12,5345
2023-11-14,7,1383
2023-11-14,43,14850
2023-11-15,18,14868
2023-11-15,9,5880
2023-11-15,94,13489
2023-11-15,60,11986
2023-11-15,39,23338
2023-11-15,29,6414
2023-11-15,91,17369
2023-11-15,64,8881
2023-11-15,96,7807
2023-11-15,76,7080
2023-11-15,98,14538
2023-11-10,29,6778
2023-11-13,13,6297
2023-11-13,45,25602
2023-11-14,51,12301
2023-11-15,56,7878
2023-11-15,84,15918
2023-11-15,57,5991
2023-11-15,85,10937
2023-11-15,95,6934
2023-11-15,16,11845
2023-11-15,40,6250
2023-11-15,32,6023
2023-11-15,10,11365
2023-11-15,54,9815
2023-11-15,12,5925
2023-11-15,7,971
2023-11-16,60,7959
2023-11-14,13,5984
2023-11-15,13,10598
2023-11-15,51,19226
2023-11-16,76,6708
2023-11-16,6,2582
2023-11-16,12,15182
2023-11-16,18,17170
2023-11-16,51,15976
2023-11-16,94,9210
2023-11-16,13,5341
2023-11-16,9,16824
2023-11-16,46,23414
2023-11-16,98,7072
2023-11-16,29,10598
2023-11-16,91,13455
2023-11-10,39,28001
2023-11-11,39,27366
2023-11-13,39,22889
2023-11-14,39,19358
2023-11-15,43,11895
2023-11-16,7,3702
2023-11-16,39,23154
2023-11-16,64,8120
2023-11-16,45,23919
2023-11-16,95,5177
2023-11-16,32,7928
2023-11-16,16,5507
2023-11-16,54,8557
2023-11-16,10,14322
2023-11-16,57,6438
2023-11-16,96,10347
2023-11-16,56,7810
2023-11-16,84,8210
2023-11-17,60,10199
2023-11-17,46,2745
2023-11-17,6,9801
2023-11-17,18,19349
2023-11-17,9,9349
2023-11-16,40,6875
2023-11-16,43,20492
2023-11-17,29,1170
2023-11-17,91,8717
2023-11-17,64,9748
2023-11-17,12,10548
2023-11-17,40,8922
2023-11-17,51,10535
2023-11-17,94,12970
2023-11-17,13,6306
2023-11-15,45,20970
2023-11-16,85,9592
2023-11-17,10,9130
2023-11-17,54,13457
2023-11-17,57,7527
2023-11-17,98,6547
2023-11-17,96,7073
2023-11-17,84,8515
2023-11-17,56,7461
2023-11-17,7,5381
2023-11-17,76,8197
2023-11-17,45,23015
2023-11-17,16,3762
2023-11-17,95,11012
2023-11-18,18,8028
2023-11-17,85,10147
2023-11-18,98,9766
2023-11-18,29,1703
2023-11-18,60,6285
2023-11-18,46,4957
2023-11-18,10,8162
2023-11-18,94,12221
2023-11-18,13,5016
2023-11-18,9,16139
2023-11-18,6,2495
2023-11-18,91,9386
2023-11-18,64,7521
2023-11-18,56,7500
2023-11-18,84,12789
2023-11-18,57,2333
2023-11-18,54,10068
2023-11-18,95,5901
2023-11-18,32,6192
2023-11-18,16,4771
2023-11-18,51,3150
2023-11-18,45,21473
2023-11-18,40,17925
2023-11-18,7,5250
2023-11-18,76,11448
2023-11-19,60,5772
2023-11-19,18,2140
2023-11-19,91,7884
2023-11-19,57,1598
2023-11-19,9,12292
2023-11-19,94,12107
2023-11-19,40,1566
2023-11-19,6,19835
2023-11-17,32,10734
2023-11-18,12,8391
2023-11-18,85,10045
2023-11-19,98,7034
2023-11-19,10,9205
2023-11-19,56,6304
2023-11-19,46,5230
2023-11-19,54,4445
2023-11-19,13,6455
2023-11-19,95,6756
2023-11-19,32,8640
2023-11-19,16,3541
2023-11-19,45,8147
2023-11-19,64,1148
2023-11-19,7,3952
2023-11-19,76,9929
2023-11-20,91,14626
2023-11-20,18,15814
2023-11-19,29,347
2023-11-19,85,6806
2023-11-19,12,18505
2023-11-20,60,10036
2023-11-20,96,1599
2023-11-20,29,839
2023-11-20,6,1218
2023-11-20,13,7495
2023-11-20,94,12060
2023-11-17,43,10049
2023-11-17,39,19572
2023-11-18,39,31312
2023-11-19,84,3762
2023-11-19,51,16000
2023-11-19,39,5471
2023-11-20,46,3564
2023-11-20,85,10341
2023-11-20,57,2473
2023-11-20,10,8466
2023-11-20,54,7386
2023-11-20,56,7449
2023-11-20,98,8909
2023-11-20,40,7633
2023-11-20,45,25387
2023-11-20,64,5539
2023-11-20,12,8347
2023-11-20,39,30178
2023-11-20,76,6516
2023-11-20,7,3146
2023-11-20,9,9021
2023-11-20,32,26409
2023-11-20,16,21273
2023-11-20,95,5848
2023-11-21,18,13596
2023-11-21,45,29641
2023-11-21,60,9451
2023-11-18,43,10283
2023-11-19,43,7711
2023-11-20,43,11120
2023-11-20,84,2939
2023-11-20,51,15099
2023-11-21,39,3964
2023-11-21,6,818
2023-11-21,64,7111
2023-11-21,12,6979
2023-11-21,7,5505
2023-11-21,76,4883
2023-11-21,40,6838
2023-11-21,51,18290
2023-11-21,9,13669
2023-11-21,13,7536
2023-11-21,94,14272
2023-11-21,32,29691
2023-11-21,16,2452
2023-11-21,95,3367
2023-11-21,54,10929
2023-11-21,10,7496
2023-11-21,46,5065
2023-11-21,57,2086
2023-11-21,43,18884
2023-11-21,85,5671
2023-11-21,29,10362
2023-11-21,96,10070
2023-11-21,91,14752
2023-11-21,98,16599
2023-11-21,84,4212
2023-11-21,56,7303
2023-11-22,60,22
2023-11-19,69,8348
2023-11-19,70,5289
2023-11-19,59,6381
2023-11-19,35,12716
2023-11-17,38,10674
2023-11-18,88,7035
2023-11-19,65,5177
2023-11-19,73,716
2023-11-19,87,11676
2023-11-19,82,307
2023-11-19,3,7950
2023-11-19,63,4102
2023-11-19,20,10539
2023-11-19,41,22500
2023-11-20,71,13951
2023-11-20,69,10265
2023-11-18,38,6271
2023-11-19,38,4067
2023-11-19,88,3881
2023-11-20,82,1166
2023-11-20,38,9959
2023-11-20,55,6435
2023-11-20,24,9321
2023-11-20,59,7831
2023-11-20,41,14841
2023-11-20,65,13406
2023-11-20,23,12797
2023-11-20,88,10028
2023-11-20,2,8021
2023-11-20,20,11722
2023-11-19,90,12004
2023-11-20,87,5116
2023-11-20,3,11843
2023-11-20,22,8394
2023-11-20,73,7492
2023-11-20,70,8336
2023-11-20,35,11428
2023-11-20,63,9120
2023-11-21,59,13491
2023-11-21,69,17932
2023-11-21,73,3109
2023-11-21,20,10526
2023-11-21,2,2826
2023-11-21,71,13124
2023-11-20,90,16256
2023-11-21,41,13633
2023-11-21,35,16415
2023-11-21,70,9063
2023-11-21,88,10060
2023-11-21,90,10116
2023-11-21,65,5473
2023-11-21,23,4424
2023-11-21,63,4962
2023-11-21,3,11351
2023-11-21,82,1062
2023-11-21,87,5227
2023-11-21,38,10365
2023-11-21,24,9854
2023-11-21,55,12903
2023-11-21,22,8122
2023-11-22,38,7
2023-11-22,24,46
2023-11-22,71,37
2023-11-22,59,14
2023-11-22,73,321
2023-11-22,90,1585
2023-11-01,62,2653
2023-11-01,75,13718
2023-11-01,11,8425
2023-11-01,89,357
2023-11-01,21,13596
2023-11-01,74,23546
2023-11-01,50,3552
2023-11-01,72,4418
2023-11-01,14,2008
2023-11-01,83,6379
2023-11-01,81,12086
2023-11-01,42,6255
2023-11-01,4,10084
2023-11-01,34,1980
2023-11-01,53,6413
2023-11-01,93,14212
2023-11-01,66,12796
2023-11-01,19,8119
2023-11-01,27,8123
2023-11-01,47,3615
2023-11-01,15,4238
2023-11-01,77,8453
2023-11-01,79,12350
2023-11-02,21,8032
2023-11-01,68,8772
2023-11-02,66,9442
2023-11-02,74,23367
2023-11-02,81,4462
2023-11-02,50,3615
2023-11-02,79,7339
2023-11-02,14,342
2023-11-02,83,5413
2023-11-02,62,6878
2023-11-02,75,6940
2023-11-02,11,7335
2023-11-02,53,4110
2023-11-02,19,8741
2023-11-02,27,5392
2023-11-02,47,6897
2023-11-02,15,4025
2023-11-02,77,912
2023-11-02,42,5465
2023-11-02,68,8784
2023-11-02,34,1693
2023-11-02,93,13071
2023-11-03,74,20670
2023-11-01,33,11575
2023-11-02,33,14262
2023-11-03,75,19315
2023-11-03,33,10499
2023-11-03,4,4930
2023-11-03,15,5756
2023-11-03,77,596
2023-11-03,50,3440
2023-11-03,79,9548
2023-11-03,14,53
2023-11-03,83,8976
2023-11-03,1,3690
2023-11-03,19,12330
2023-11-03,27,7109
2023-11-01,92,13643
2023-11-02,4,13993
2023-11-03,81,8722
2023-11-03,11,7292
2023-11-03,34,4159
2023-11-03,93,13444
2023-11-03,42,5953
2023-11-03,68,13189
2023-11-03,47,7709
2023-11-03,66,12192
2023-11-04,74,9256
2023-11-04,79,5800
2023-11-04,15,6503
2023-11-04,4,8576
2023-11-01,86,13618
2023-11-02,92,5785
2023-11-02,86,6800
2023-11-02,89,4489
2023-11-03,89,5628
2023-11-03,92,6194
2023-11-04,21,9686
2023-11-04,14,5050
2023-11-04,83,7382
2023-11-04,86,3816
2023-11-04,42,190
2023-11-04,34,1322
2023-11-04,75,19031
2023-11-01,1,14289
2023-11-02,1,6763
2023-11-03,53,7823
2023-11-04,81,5817
2023-11-04,66,14731
2023-11-04,19,10489
2023-11-04,27,5969
2023-11-04,50,4747
2023-11-04,77,590
2023-11-04,1,1599
2023-11-04,92,6279
2023-11-04,47,15331
2023-11-04,53,8809
2023-11-04,93,6395
2023-11-04,89,5382
2023-11-04,11,7508
2023-11-05,79,5009
2023-11-05,14,191
2023-11-05,74,4691
2023-11-01,99,13587
2023-11-02,99,6690
2023-11-03,99,7247
2023-11-04,99,3529
2023-11-05,75,28308
2023-11-05,89,2958
2023-11-05,50,14534
2023-11-05,83,14325
2023-11-05,1,489
2023-11-05,21,3261
2023-11-05,99,4950
2023-11-04,33,8381
2023-11-04,68,8484
2023-11-05,4,9267
2023-11-05,15,4555
2023-11-05,34,286
2023-11-05,93,5973
2023-11-05,68,2409
2023-11-05,47,8876
2023-11-05,77,70
2023-11-05,92,15949
2023-11-05,66,7490
2023-11-05,27,3413
2023-11-05,19,9283
2023-11-06,79,6657
2023-11-06,99,9458
2023-11-05,33,9003
2023-11-06,14,3985
2023-11-06,77,8116
2023-11-06,83,4926
2023-11-06,15,3416
2023-11-06,74,17824
2023-11-06,21,9138
2023-11-06,75,4420
2023-11-06,11,11358
2023-11-06,62,3262
2023-11-06,33,11688
2023-11-05,53,4384
2023-11-05,42,8421
2023-11-05,11,8435
2023-11-06,50,4226
2023-11-06,1,30168
2023-11-06,53,2362
2023-11-06,92,6489
2023-11-06,47,5975
2023-11-06,66,15758
2023-11-06,27,22873
2023-11-06,19,11973
2023-11-06,34,2023
2023-11-06,93,12308
2023-11-06,89,6018
2023-11-07,83,6035
2023-11-06,42,3719
2023-11-07,27,12229
2023-11-07,21,11027
2023-11-07,74,15314
2023-11-07,99,7144
2023-11-07,75,6763
2023-11-07,4,3530
2023-11-07,62,5456
2023-11-05,81,6751
2023-11-06,81,9927
2023-11-06,4,16900
2023-11-07,15,4949
2023-11-07,68,11158
2023-11-07,47,1141
2023-11-07,92,6162
2023-11-07,14,6233
2023-11-07,79,1189
2023-11-07,77,3630
2023-11-07,50,14292
2023-11-07,19,17236
2023-11-07,66,12914
2023-11-07,11,5945
2023-11-07,93,11839
2023-11-07,34,1849
2023-11-07,33,15337
2023-11-07,42,12705
2023-11-08,83,5584
2023-11-08,74,15335
2023-11-07,81,11925
2023-11-08,79,113
2023-11-08,21,7776
2023-11-08,66,8581
2023-11-08,99,6536
2023-11-08,75,7628
2023-11-07,1,21217
2023-11-08,1,9578
2023-11-08,15,7885
2023-11-08,47,10035
2023-11-08,92,7002
2023-11-08,50,3554
2023-11-08,77,6575
2023-11-08,14,2256
2023-11-08,27,8484
2023-11-08,19,13272
2023-11-08,11,11274
2023-11-08,93,11783
2023-11-08,34,3199
2023-11-08,68,9718
2023-11-08,4,2548
2023-11-09,83,4263
2023-11-09,75,10194
2023-11-09,11,11800
2023-11-09,62,4158
2023-11-09,79,9735
2023-11-09,14,1298
2023-11-09,92,5003
2023-11-09,81,12090
2023-11-09,15,4859
2023-11-09,99,6096
2023-11-09,74,16384
2023-11-09,21,10257
2023-11-09,19,9601
2023-11-09,27,12998
2023-11-03,62,8033
2023-11-04,62,12081
2023-11-05,62,7155
2023-11-06,68,5797
2023-11-07,53,1835
2023-11-08,81,3058
2023-11-08,53,3184
2023-11-08,42,5668
2023-11-08,33,9266
2023-11-08,62,3755
2023-11-09,53,2067
2023-11-09,34,3256
2023-11-09,93,11064
2023-11-09,68,11619
2023-11-09,4,8340
2023-11-09,50,6014
2023-11-09,77,1013
2023-11-09,47,10931
2023-11-09,66,11631
2023-11-10,19,10450
2023-11-09,42,8282
2023-11-09,33,7997
2023-11-10,34,1546
2023-11-10,75,19032
2023-11-10,33,9952
2023-11-10,83,3939
2023-11-10,14,3089
2023-11-10,77,1980
2023-11-10,15,4148
2023-11-10,21,13196
2023-11-10,74,16347
2023-11-10,93,13686
2023-11-10,68,14248
2023-11-10,62,47682
2023-11-10,42,14299
2023-11-10,79,8093
2023-11-10,47,11465
2023-11-10,99,6926
2023-11-10,27,19496
2023-11-10,66,6874
2023-11-11,81,1448
2023-11-11,14,656
2023-11-11,68,2768
2023-11-11,4,1409
2023-11-11,75,19803
2023-11-11,34,1228
2023-11-11,27,3255
2023-11-11,74,10250
2023-11-11,83,4890
2023-11-11,92,8109
2023-11-11,77,4574
2023-11-09,1,15020
2023-11-10,81,2298
2023-11-10,53,2156
2023-11-10,4,7813
2023-11-10,50,7783
2023-11-11,33,5481
2023-11-11,19,15871
2023-11-11,15,8015
2023-11-11,53,9231
2023-11-11,93,12157
2023-11-11,21,5018
2023-11-11,66,11108
2023-11-11,47,10984
2023-11-11,1,4704
2023-11-11,79,12912
2023-11-12,74,5982
2023-11-12,83,2939
2023-11-12,14,9852
2023-11-10,1,1778
2023-11-11,50,16481
2023-11-11,72,16
2023-11-12,33,2405
2023-11-12,4,296
2023-11-12,11,8491
2023-11-12,75,17320
2023-11-12,53,4001
2023-11-12,27,5809
2023-11-12,99,9038
2023-11-12,15,2162
2023-11-12,47,6891
2023-11-12,1,580
2023-11-12,79,12965
2023-11-12,50,2681
2023-11-12,77,283
2023-11-07,89,9286
2023-11-08,89,6364
2023-11-10,11,5511
2023-11-10,92,5724
2023-11-11,11,6685
2023-11-12,68,6012
2023-11-12,93,3687
2023-11-12,34,406
2023-11-12,19,4878
2023-11-12,66,4712
2023-11-12,81,1627
2023-11-12,92,3526
2023-11-12,72,8342
2023-11-13,74,22885
2023-11-13,99,8009
2023-11-13,1,35532
2023-11-09,89,9866
2023-11-10,89,6601
2023-11-11,89,7774
2023-11-12,89,3801
2023-11-13,33,10822
2023-11-13,62,6254
2023-11-13,4,8056
2023-11-13,75,12485
2023-11-13,89,6790
2023-11-13,93,12620
2023-11-13,79,2814
2023-11-13,14,1038
2023-11-13,83,4562
2023-11-11,42,24488
2023-11-13,47,5240
2023-11-13,50,5312
2023-11-13,11,7741
2023-11-13,34,4180
2023-11-13,66,13674
2023-11-13,19,7781
2023-11-13,27,15123
2023-11-13,15,4637
2023-11-13,81,9834
2023-11-13,72,3524
2023-11-13,77,1952
2023-11-13,92,6751
2023-11-14,75,15318
2023-11-14,74,12570
2023-11-14,83,4740
2023-11-14,1,20278
2023-11-12,42,19497
2023-11-13,42,15841
2023-11-13,21,7757
2023-11-14,62,4749
2023-11-14,14,1621
2023-11-14,79,7323
2023-11-14,4,7851
2023-11-14,47,12831
2023-11-14,19,8408
2023-11-14,21,10198
2023-11-14,15,6123
2023-11-14,33,12688
2023-11-13,53,7680
2023-11-14,81,1976
2023-11-14,77,1175
2023-11-14,50,12789
2023-11-14,72,8542
2023-11-14,34,2460
2023-11-14,89,4739
2023-11-14,92,5897
2023-11-14,93,9908
2023-11-14,66,7672
2023-11-14,27,10292
2023-11-14,11,5807
2023-11-14,42,744
2023-11-15,74,21896
2023-11-15,83,4806
2023-11-14,86,105
2023-11-14,53,6505
2023-11-15,75,4935
2023-11-15,19,9797
2023-11-15,21,9018
2023-11-15,50,4176
2023-11-15,62,2102
2023-11-15,77,4843
2023-11-15,79,7557
2023-11-15,14,2125
2023-11-15,53,7661
2023-11-15,4,6361
2023-11-15,81,10562
2023-11-15,15,4750
2023-11-15,66,9396
2023-11-15,47,10380
2023-11-15,27,15878
2023-11-15,86,16355
2023-11-15,34,1243
2023-11-15,72,6170
2023-11-15,93,10810
2023-11-16,83,6744
2023-11-16,74,18186
2023-11-16,27,15882
2023-11-16,21,16345
2023-11-16,66,7975
2023-11-16,14,231
2023-11-16,79,5127
2023-11-16,15,5168
2023-11-16,4,7149
2023-11-16,53,8878
2023-11-16,34,1211
2023-11-16,75,4424
2023-11-11,62,3410
2023-11-12,62,6474
2023-11-15,11,8809
2023-11-16,50,3290
2023-11-15,92,6419
2023-11-16,19,14246
2023-11-16,92,5820
2023-11-16,77,2611
2023-11-16,72,7540
2023-11-16,47,11885
2023-11-16,62,40232
2023-11-16,86,7291
2023-11-16,93,11118
2023-11-16,89,8008
2023-11-16,11,10180
2023-11-17,62,34415
2023-11-17,53,2824
2023-11-17,74,16407
2023-11-17,83,3844
2023-11-17,15,6390
2023-11-15,42,18976
2023-11-16,42,9294
2023-11-17,4,7322
2023-11-17,89,4022
2023-11-17,75,18062
2023-11-17,21,10620
2023-11-17,27,17381
2023-11-17,77,1365
2023-11-17,50,3366
2023-11-17,79,9501
2023-11-17,14,1182
2023-11-17,81,2855
2023-11-14,99,5441
2023-11-15,1,15842
2023-11-16,1,8669
2023-11-16,81,4369
2023-11-17,93,8413
2023-11-17,34,4927
2023-11-17,11,8934
2023-11-17,19,12139
2023-11-17,66,13129
2023-11-17,1,1213
2023-11-17,72,8038
2023-11-17,47,7760
2023-11-18,75,30108
2023-11-18,14,2171
2023-11-13,68,4464
2023-11-14,68,9388
2023-11-15,68,11859
2023-11-15,99,7316
2023-11-16,99,4571
2023-11-16,68,2002
2023-11-17,68,6880
2023-11-17,99,6054
2023-11-18,53,6531
2023-11-18,34,276
2023-11-18,62,12520
2023-11-18,47,13387
2023-11-18,83,10014
2023-11-18,1,5037
2023-11-18,79,15154
2023-11-18,21,4279
2023-11-18,27,2225
2023-11-18,74,15986
2023-11-15,89,9414
2023-11-17,86,11298
2023-11-17,42,5466
2023-11-18,15,8525
2023-11-18,50,5271
2023-11-18,11,7077
2023-11-18,93,5331
2023-11-18,89,14310
2023-11-18,42,26028
2023-11-18,68,7809
2023-11-18,92,6370
2023-11-18,77,775
2023-11-18,72,10554
2023-11-18,19,3201
2023-11-18,66,9990
2023-11-19,75,19044
2023-11-19,79,3867
2023-11-19,74,4633
2023-11-18,86,3986
2023-11-19,34,519
2023-11-19,93,19340
2023-11-19,42,23477
2023-11-19,62,9272
2023-11-19,68,7503
2023-11-19,15,5323
2023-11-19,14,374
2023-11-19,83,7016
2023-11-19,21,624
2023-11-19,19,6095
2023-11-15,33,12347
2023-11-17,92,7061
2023-11-18,81,2871
2023-11-18,99,9153
2023-11-19,53,2087
2023-11-19,11,8257
2023-11-19,89,6531
2023-11-19,86,8304
2023-11-19,47,4964
2023-11-19,50,13473
2023-11-19,77,10143
2023-11-19,72,12643
2023-11-19,92,15734
2023-11-19,66,4871
2023-11-19,27,2368
2023-11-20,68,3123
2023-11-20,74,18307
2023-11-20,1,30143
2023-11-20,83,4905
2023-11-16,33,3936
2023-11-17,33,13720
2023-11-18,33,698
2023-11-19,33,5245
2023-11-19,81,3520
2023-11-19,1,280
2023-11-19,99,8103
2023-11-20,33,17852
2023-11-20,42,2233
2023-11-20,62,4169
2023-11-20,4,6452
2023-11-20,75,11447
2023-11-20,53,6801
2023-11-20,27,20446
2023-11-20,21,10093
2023-11-20,99,3549
2023-11-20,14,7412
2023-11-20,77,2104
2023-11-21,33,11
2023-11-18,4,3235
2023-11-19,4,386
2023-11-20,79,4339
2023-11-20,86,6017
2023-11-20,11,9638
2023-11-20,34,1929
2023-11-20,89,6756
2023-11-20,93,11329
2023-11-20,66,9272
2023-11-20,19,10126
2023-11-20,47,10452
2023-11-20,15,14496
2023-11-20,81,8923
2023-11-20,72,3244
2023-11-20,50,4150
2023-11-20,92,6640
2023-11-21,74,17802
2023-11-21,99,6626
2023-11-21,83,3850
2023-11-21,66,11474
2023-11-21,19,12197
2023-11-21,27,6205
2023-11-21,21,9427
2023-11-21,77,1237
2023-11-21,50,14038
2023-11-21,79,2902
2023-11-21,72,3441
2023-11-21,14,2603
2023-11-21,92,7911
2023-11-21,1,20266
2023-11-21,47,330
2023-11-21,15,7047
2023-11-21,81,8670
2023-11-21,62,4988
2023-11-21,86,10191
2023-11-21,68,7636
2023-11-21,4,10410
2023-11-21,42,283
2023-11-21,34,4518
2023-11-21,53,1864
2023-11-21,89,7398
2023-11-21,93,8604
2023-11-21,75,10695
2023-11-21,11,6553
2023-11-22,74,9
2023-11-22,15,17
